page,처리여부,분류,document_id,비고
1,제외,제외(내용없음),-,표지
2,O,일반참고문서,manual_section_001,당직근무 타임라인별 정리
3,제외,제외(내용없음),-,목차
4,O,일반참고문서,manual_section_002,당직근무자 준수사항 > 당직근무 시 준수사항 (①~⑥번 항목)
5,O,일반참고문서,manual_section_003,당직근무자 준수사항 > 당직근무 시 준수사항 (①~⑥번 항목)
6,O,일반참고문서,manual_section_004,당직근무자 준수사항 > 당직근무 시 준수사항 (①~⑥번 항목)
7,O,일반참고문서,manual_section_005,당직근무자 준수사항 > 야간·휴일 재난시 상황전파 현황 보고
8,O,일반참고문서,manual_section_006,당직근무자 준수사항 > 야간·휴일 재난시 상황전파 현황 보고
9,O,일반참고문서,manual_section_007,당직근무자 준수사항 > 야간·휴일 재난시 상황전파 현황 보고
10,O,일반참고문서,manual_section_008,당직근무자 준수사항 > 야간·휴일 재난시 상황전파 현황 보고
11,O,일반참고문서,manual_section_009,당직근무자 준수사항 > 야간·휴일 재난시 상황전파 현황 보고
12,O,일반참고문서,manual_section_010,당직근무자 준수사항 > 야간·휴일 재난시 상황전파 현황 보고
13,O,일반참고문서,manual_section_011,당직근무자 준수사항 > 야간·휴일 재난시 상황전파 현황 보고
14,O,일반참고문서,manual_section_012,당직근무자 준수사항 > 야간·휴일 재난시 상황전파 현황 보고
15,O,일반참고문서,manual_section_013,당직근무자 준수사항 > 야간·휴일 재난시 상황전파 현황 보고
16,O,일반참고문서,manual_section_014,청사 보안 및 시건
17,O,일반참고문서,manual_section_015,청사 보안 및 시건
18,O,일반참고문서,manual_section_016,청사 보안 및 시건
19,O,일반참고문서,manual_section_017,청사 보안 및 시건
20,O,일반참고문서,manual_section_018,청사 보안 및 시건
21,O,일반참고문서,manual_section_019,휴일 직원 비상연락 및 애사 문자통보
22,O,일반참고문서,manual_section_020,비상 발령 및 비상 소집 > ① 비상발령 시 당직사령 임무
23,O,일반참고문서,manual_section_021,비상 발령 및 비상 소집 > ② 유성구 비상소집 연락체계도
24,O,일반참고문서,manual_section_022,비상 발령 및 비상 소집 > ③ 유성구 비상근무 요령
25,O,일반참고문서,manual_section_023,비상 발령 및 비상 소집 > ④ 유관기관 비상연락 체계도
26,O,일반참고문서,manual_section_024,재난상황 시 당직사령 및 재난상황실 상황요원 행동매뉴얼 > (하위 표지)
27,O,일반참고문서,manual_section_025,재난상황 시 당직사령 및 재난상황실 상황요원 행동매뉴얼 > Ⅰ. 재난상황 발생시 조치요령
28,O,일반참고문서,manual_section_026,재난상황 시 당직사령 및 재난상황실 상황요원 행동매뉴얼 > Ⅱ. 중요재난(상황)의 동시 보고 기준
29,O,일반참고문서,manual_section_027,재난상황 시 당직사령 및 재난상황실 상황요원 행동매뉴얼 > Ⅱ. 중요재난(상황)의 동시 보고 기준
30,O,일반참고문서,manual_section_028,재난상황 시 당직사령 및 재난상황실 상황요원 행동매뉴얼 > Ⅱ. 중요재난(상황)의 동시 보고 기준
31,O,일반참고문서,manual_section_029,재난상황 시 당직사령 및 재난상황실 상황요원 행동매뉴얼 > Ⅱ. 중요재난(상황)의 동시 보고 기준
32,O,일반참고문서,manual_section_030,재난상황 시 당직사령 및 재난상황실 상황요원 행동매뉴얼 > Ⅲ. 재난유형별 행동매뉴얼 > 1. 자연재난 발생시 조치요령(개요: 예비특보·주의보·경보 단계별)
33,O,상황별대응매뉴얼,manual_case_001,"태풍, 호우 예비특보, 주의보 발효시 조치요령"
34,O,상황별대응매뉴얼,manual_case_001,"태풍, 호우 예비특보, 주의보 발효시 조치요령"
35,O,상황별대응매뉴얼,manual_case_002,대설특보 발효시 조치요령
36,O,상황별대응매뉴얼,manual_case_003,지하차도 침수시 조치요령
37,O,일반참고문서,manual_section_031,"재난상황 시 당직사령 및 재난상황실 상황요원 행동매뉴얼 > Ⅲ. 재난유형별 행동매뉴얼 > 2. 사회재난 발생시 조치요령(개요: 소규모·중규모·대규모 단계별, 부서별 재난담당)"
38,O,일반참고문서,manual_section_032,"재난상황 시 당직사령 및 재난상황실 상황요원 행동매뉴얼 > Ⅲ. 재난유형별 행동매뉴얼 > 2. 사회재난 발생시 조치요령(개요: 소규모·중규모·대규모 단계별, 부서별 재난담당)"
39,O,일반참고문서,manual_section_033,"재난상황 시 당직사령 및 재난상황실 상황요원 행동매뉴얼 > Ⅲ. 재난유형별 행동매뉴얼 > 2. 사회재난 발생시 조치요령(개요: 소규모·중규모·대규모 단계별, 부서별 재난담당)"
40,O,일반참고문서,manual_section_034,"재난상황 시 당직사령 및 재난상황실 상황요원 행동매뉴얼 > Ⅲ. 재난유형별 행동매뉴얼 > 2. 사회재난 발생시 조치요령(개요: 소규모·중규모·대규모 단계별, 부서별 재난담당)"
41,O,상황별대응매뉴얼,manual_case_004,화재발생 접수시 조치요령
42,O,상황별대응매뉴얼,manual_case_005,도로상 낙하물 접수시 조치요령
43,O,상황별대응매뉴얼,manual_case_006,하천 기름유출 상황 접수시 조치요령
44,O,상황별대응매뉴얼,manual_case_007,구제역⦁AI 의심축 신고 접수시 조치요령
45,O,상황별대응매뉴얼,manual_case_008,가스폭발 접수시 조치요령
46,O,상황별대응매뉴얼,manual_case_009,산불신고 접수시 조치요령
47,O,상황별대응매뉴얼,manual_case_010,건축물 붕괴시 조치요령
48,O,일반참고문서,manual_section_035,재난상황 시 당직사령 및 재난상황실 상황요원 행동매뉴얼 > 재난관리 책임기관 연락체계도
49,O,일반참고문서,manual_section_036,당직근무일지 작성
50,O,일반참고문서,manual_section_037,당직근무일지 작성
51,O,일반참고문서,manual_section_038,당직민원 등록
52,O,일반참고문서,manual_section_039,당직근무 민원처리 매뉴얼 > (부서별 민원상황 자체 목차표)
53,O,상황별대응매뉴얼,manual_case_011,불법주정차 신고
54,O,상황별대응매뉴얼,manual_case_011,불법주정차 신고
55,O,상황별대응매뉴얼,manual_case_011,불법주정차 신고
56,O,상황별대응매뉴얼,manual_case_012,"마을버스 관련 민원, 문의"
57,O,상황별대응매뉴얼,manual_case_013,"유기동물 신고, 구조요청"
58,O,상황별대응매뉴얼,manual_case_014,소음 민원
59,O,상황별대응매뉴얼,manual_case_014,소음 민원
60,O,상황별대응매뉴얼,manual_case_015,수질 오염 관련
61,O,상황별대응매뉴얼,manual_case_016,정화조 청소 요청
62,O,상황별대응매뉴얼,manual_case_017,악취 민원
63,O,상황별대응매뉴얼,manual_case_018,부상동물 및 동물사체 신고
64,O,상황별대응매뉴얼,manual_case_018,부상동물 및 동물사체 신고
65,O,상황별대응매뉴얼,manual_case_019,재활용 수거관련
66,O,상황별대응매뉴얼,manual_case_020,쓰레기 청소요청
67,O,상황별대응매뉴얼,manual_case_021,특수규격봉투 판매처
68,O,상황별대응매뉴얼,manual_case_022,"불법투기, 불법소각 단속요청"
69,O,상황별대응매뉴얼,manual_case_023,"포트홀, 싱크홀 신고"
70,O,상황별대응매뉴얼,manual_case_024,노숙인(행려자) 신고
71,O,상황별대응매뉴얼,manual_case_024,노숙인(행려자) 신고
72,O,상황별대응매뉴얼,manual_case_024,노숙인(행려자) 신고
73,O,상황별대응매뉴얼,manual_case_024,노숙인(행려자) 신고
74,O,상황별대응매뉴얼,manual_case_025,아동학대 신고 접수
75,O,상황별대응매뉴얼,manual_case_026,무인민원발급기 고장 신고
76,O,상황별대응매뉴얼,manual_case_027,무인민원발급기 설치장소 및 운영시간
77,O,상황별대응매뉴얼,manual_case_027,무인민원발급기 설치장소 및 운영시간
78,O,상황별대응매뉴얼,manual_case_028,무인민원발급기 발급민원명 및 수수료
79,O,상황별대응매뉴얼,manual_case_028,무인민원발급기 발급민원명 및 수수료
80,O,상황별대응매뉴얼,manual_case_028,무인민원발급기 발급민원명 및 수수료
81,O,상황별대응매뉴얼,manual_case_029,"가로수 등 수목 전도(쓰러짐), 교통사고 전화"
82,O,상황별대응매뉴얼,manual_case_030,이재민 발생 신고
83,O,상황별대응매뉴얼,manual_case_030,이재민 발생 신고
84,O,상황별대응매뉴얼,manual_case_031,이동식 차수판 대여
85,O,일반참고문서,manual_section_040,당직근무 민원처리 매뉴얼 > 부록: 소화기 및 질식소화포 비치
