candidate_type_hint,department,candidate_count,top_terms,review_sample_count,sample_complaint_1,sample_complaint_2,review_result,reviewer_note,ai_recommendation,ai_merge_group,ai_reasoning,final_decision_basis
요청 / 도로에 / 조치,건설과,430,요청|도로에|조치|번길|있음|인도,5,"사진 위치 (오토월드에서 위로 좀 올라가면 있는 횡단보도 건너기 전) 의 맨홀이 흔들려서 걷다가 빠질뻔 함
빠지진 않았으나, 그대로 방치했다가 사고의 우려가 있어보인다고 연락",어제 아침부터 집앞 골목 하수구에서 물이 집으로 흘러들어옴.(원형 맨홀 뚜껑 열어 확인해보았는데 막힌 것으로 보임),rejected,,reject,,샘플1(맨홀 흔들림)과 샘플2(하수구 역류)가 서로 다른 사안. top_terms도 '요청/도로에/조치'처럼 매우 범용적이라 여러 세부 유형이 섞인 잔차 클러스터로 보임.,B그룹(클러스터 안 두 샘플이 서로 다른 민원이라 하나의 유형으로 보기 어려움) - 반려. 매뉴얼과의 중복 문제가 아니라 클러스터링 자체가 잘못 묶은 노이즈로 판단.
사체 / 요청 / 고라니,청소행정과,316,사체|요청|고라니|번지|처리|신고,5,도안더샵 트윈너스*단지 앞 대로 (용계동 ***-*번지) 고라니 사체,도안더샵 트윈너스*단지 앞 대로 (용계동 ***-*번지) 고라니 사체,approved,,approve,동물사체_처리,"두 샘플 모두 '고라니 사체 발견/처리' 요청으로 명확히 동일 유형. 다만 기존 매뉴얼(부상동물 및 동물사체 신고, 청소행정과/푸른환경과)과 실질적으로 겹칠 가능성이 높아, 신규 유형이 아니라 기존 커버리지 보강 참고자료로 볼지 검토 필요.",A그룹(기존 매뉴얼과 겹치거나 같은 유형이 여러 후보로 쪼개짐) - 승인. 기존 매뉴얼(official_manual)과 겹쳐도 충돌이 아니라 참고 근거(historical_case)로 병행 등록하는 것이 요구사항 9장의 취지와 맞는다고 판단.
요청 / 주차 / 차량이,주차관리과,266,요청|주차|차량이|단속|민원|조치,5,"현대아울렛 주변 회전교차로, **단지 후문, 아울렛에서 천변으로 향하는 길목 불법주청자 심각하다는 민원이 강하게 제기됨",주거하는 빌라 내 출차가 불가능하게 차량이 막고있다는 민원 발생. 새벽에도 견인 가능토록 민원 요청함.,approved,,uncertain,불법주정차_단속,"둘 다 불법주정차/차량 관련이나, 이미 매뉴얼(manual_case_011 불법주정차 신고)에 있는 유형과 겹칠 가능성이 높음. 신규 등록 대상인지 재검토 필요.",A그룹(기존 매뉴얼과 겹치거나 같은 유형이 여러 후보로 쪼개짐) - 승인. 기존 매뉴얼(official_manual)과 겹쳐도 충돌이 아니라 참고 근거(historical_case)로 병행 등록하는 것이 요구사항 9장의 취지와 맞는다고 판단.
가로등 / 고장 / 요청,건설과,164,가로등|고장|요청|수리|조치|꺼짐,5,"원신흥동 도안 **단지 정문 들어가는 입구 앞 대로변 및 유성성당 앞 대로변 가로등 군데군데 고장나서 꺼져있음, 몇번 민원 넣었는데 고쳐지지 않았다고 확실히 전달해달라고 함",북대전 ic인근 (전자디자인고등학교 맞은편 GS칼텍스주유소) 교통사고로 가로등 손상 ,approved,,approve,가로등_고장,두 샘플 모두 명확한 '가로등 고장 신고'. 매뉴얼에 없는 신규 유형으로 보임(6/14/46번과 동일 유형이라 병합 권장).,A그룹(기존 매뉴얼과 겹치거나 같은 유형이 여러 후보로 쪼개짐) - 승인. 기존 매뉴얼(official_manual)과 겹쳐도 충돌이 아니라 참고 근거(historical_case)로 병행 등록하는 것이 요구사항 9장의 취지와 맞는다고 판단.
도로 / 파손 / 중앙분리대,건설과,135,도로|파손|중앙분리대|요청|차량|조치,5,금강유역환경청 근처 차량 단독사고로 가드레일 파손,"홈플러스 앞 언더패스 진입 도로 높이 제한 철봉 파손으로 인하여 주민분께서 우선 응급처치로 묶어놓음
추가위험 가능성이 있음",approved,,approve,,가드레일·철봉 등 '도로 시설물 파손 신고'로 두 샘플 모두 일관된 유형.,A그룹(기존 매뉴얼과 겹치거나 같은 유형이 여러 후보로 쪼개짐) - 승인. 기존 매뉴얼(official_manual)과 겹쳐도 충돌이 아니라 참고 근거(historical_case)로 병행 등록하는 것이 요구사항 9장의 취지와 맞는다고 판단.
가로등이 / 꺼져있음 / 전부,건설과,96,가로등이|꺼져있음|전부|나감|가는|조치,5,엑스포 청구나래아파트에서 로터리 가는 길 가로등이 다 꺼짐,"덕진동 ** 교통사고 관련하여
가로등이 휘어져있어 매우 위험해보이니 즉시 조치요망",approved,,uncertain,가로등_고장,4번과 동일한 '가로등 고장' 유형. 별도 유형이 아니라 병합 대상.,A그룹(기존 매뉴얼과 겹치거나 같은 유형이 여러 후보로 쪼개짐) - 승인. 기존 매뉴얼(official_manual)과 겹쳐도 충돌이 아니라 참고 근거(historical_case)로 병행 등록하는 것이 요구사항 9장의 취지와 맞는다고 판단.
번지 / 가로등 / 요청,건설과,86,번지|가로등|요청|고장|장대동|가로등이,5,"덕진동 **번지 일원에서 교통사고가 발생하여 가로등 파손 발생
현재시각(2024.12.6. 23:59) 출동중으로 피해발생 내역은 파악하지 못함
조치요망 (가해자 전화번호 010-****-****)
","봉산동 ***-*번지 주현빌라 하수구가 역규하여 주차장이 물난리가남.
제작년에 유성구청 에서 처리해줬다고 (010-****-**** 유성구청 직원 번호) 올해도 해달라고 하심.
전화요망",approved,,reject,,샘플1(교통사고로 가로등 파손)과 샘플2(하수구 역류)가 완전히 다른 사안. 클러스터링이 잘못 묶은 사례.,B그룹(클러스터 안 두 샘플이 서로 다른 민원이라 하나의 유형으로 보기 어려움) - 반려. 매뉴얼과의 중복 문제가 아니라 클러스터링 자체가 잘못 묶은 노이즈로 판단. | [2차 재검수] top_terms에 '가로등/고장/가로등이' 3개가 겹쳐 다수 주제가 명확함
처리 / 고양이 / 사체,청소행정과,82,처리|고양이|사체|요청|고라니|번지,5,둔곡동 *** 고라니 사체 처리 요청,유성구 한밭대로***번길 ** 쪽 골목길 고양이 사체 처리 요청,approved,,uncertain,동물사체_처리,2번과 동일한 동물사체(고양이) 처리 유형. 병합 대상.,A그룹(기존 매뉴얼과 겹치거나 같은 유형이 여러 후보로 쪼개짐) - 승인. 기존 매뉴얼(official_manual)과 겹쳐도 충돌이 아니라 참고 근거(historical_case)로 병행 등록하는 것이 요구사항 9장의 취지와 맞는다고 판단.
하심 / 바람 / 고장,공원과,76,하심|바람|고장|번지|나무가|유림공원,5,"봉명동 ****번지(원신흥동) 작은내수변공원에서 유치원 행사 중인데, 허가받고 하는 행사인지 문의",교촌동 ***번지 교촌1공원 화장실 옆 화단에 있는 돌을 아이들이 통행하는 쪽으로 빼놔서 주민들이 다칠 위험이 있다고 대전관제센터에서 연락옴. 빠른 조치 요망. ,rejected,,reject,,샘플1(공원 행사 허가 문의)과 샘플2(화단 돌 위험)가 무관한 사안.,"B그룹(클러스터 안 두 샘플이 서로 다른 민원이라 하나의 유형으로 보기 어려움) - 반려. 매뉴얼과의 중복 문제가 아니라 클러스터링 자체가 잘못 묶은 노이즈로 판단. | [2차 재검수] top_terms('하심','바람' 등)가 문장 어미 파편이라 실질적 신호 없음, 그대로 반려 유지"
도로 / 요망 / 사체,청소행정과,76,도로|요망|사체|고양이|처리|고라니,5,"아이파트시티 *단지 뒤 목공소에서 매일 저녁 8시쯤 나무 태우는 냄새로 아파트로 연기 유입됨. 
(항상 저녁시간대에 발생하는 민원임을 감안하여 조치 요망) ",탑립동 *** 도로 (탑립동 *** 옆) 꿩 사체발견,approved,,reject,,샘플1(나무 태우는 냄새 민원)과 샘플2(사체 발견)가 무관한 사안.,B그룹(클러스터 안 두 샘플이 서로 다른 민원이라 하나의 유형으로 보기 어려움) - 반려. 매뉴얼과의 중복 문제가 아니라 클러스터링 자체가 잘못 묶은 노이즈로 판단. | [2차 재검수] top_terms에 '사체/고양이/고라니' 3개가 겹쳐 다수 주제가 명확함
방향 / 고라니 / 가는,청소행정과,71,방향|고라니|가는|사체|요청|처리,5,복용동산**-* 구암역에서 오토월드 방향 횡단보도 안전지대에 고라니 사체,유성 현충원에서 동학사 가는 방향 2차선에 고라니 로드킬. 처리 요청.,approved,,uncertain,동물사체_처리,"고라니 사체/로드킬 처리, 2번과 동일 유형.",A그룹(기존 매뉴얼과 겹치거나 같은 유형이 여러 후보로 쪼개짐) - 승인. 기존 매뉴얼(official_manual)과 겹쳐도 충돌이 아니라 참고 근거(historical_case)로 병행 등록하는 것이 요구사항 9장의 취지와 맞는다고 판단.
단속 / 주정차 / 요청,주차관리과,70,단속|주정차|요청|불법|장대교|주차,5,단속내용 문의(*******)-단속/견인됨. 전화안내 요청,봉명동 나이스팰리스 오피스텔과 레자미탐앤탐 사잇길 주정차 단속 요청하였으나 단속하지 않는다고 민원 재요청함.,approved,,uncertain,불법주정차_단속,"불법주정차 단속 요청, 3번과 동일 유형.",A그룹(기존 매뉴얼과 겹치거나 같은 유형이 여러 후보로 쪼개짐) - 승인. 기존 매뉴얼(official_manual)과 겹쳐도 충돌이 아니라 참고 근거(historical_case)로 병행 등록하는 것이 요구사항 9장의 취지와 맞는다고 판단.
불법주차 / 단속 / 요청,주차관리과,69,불법주차|단속|요청|단속요망|봉명동|번길,5,유성종합스포츠센터~신성네거리 방향 도로에 불법주차 다수. 사고 위험이 높다고 판단되기에 신속한 대응이 필요함.,충대수의대에서 신성네거리로 진입하는 도로에 불법주차 다수(신성로 **** 일대),approved,,uncertain,불법주정차_단속,"불법주정차 단속 요청, 3번과 동일 유형.",A그룹(기존 매뉴얼과 겹치거나 같은 유형이 여러 후보로 쪼개짐) - 승인. 기존 매뉴얼(official_manual)과 겹쳐도 충돌이 아니라 참고 근거(historical_case)로 병행 등록하는 것이 요구사항 9장의 취지와 맞는다고 판단.
불이 / 가로등 / 안들어옴,건설과,67,불이|가로등|안들어옴|조치|요청|단지,5,"지족동 KB국민은행 콜센터 뒷편 가로등 불이 안꺼짐
평소에도 자주 고장나는 듯하니 신속한 점검 및 조치바람",학하초등학교~고속도로밑 굴다리(학하동***-*)방향 부근 진잠옛로 가로등 전부 불이 안들어 옴.,approved,,uncertain,가로등_고장,"가로등 고장, 4번과 동일 유형.",A그룹(기존 매뉴얼과 겹치거나 같은 유형이 여러 후보로 쪼개짐) - 승인. 기존 매뉴얼(official_manual)과 겹쳐도 충돌이 아니라 참고 근거(historical_case)로 병행 등록하는 것이 요구사항 9장의 취지와 맞는다고 판단.
요망 / 있음 / 불법주차로,주차관리과,65,요망|있음|불법주차로|도룡동|인해|조치,5,"계룡로***번길 ** 앞 도로
불법주차로 인해 주행이 불가한 상황임.
조치 요망",유성스포츠센터 주변 도로 주정차 계도 요망(현재 바둑대회 진행중),approved,,uncertain,불법주정차_단속,"불법주정차 단속 요청, 3번과 동일 유형.",A그룹(기존 매뉴얼과 겹치거나 같은 유형이 여러 후보로 쪼개짐) - 승인. 기존 매뉴얼(official_manual)과 겹쳐도 충돌이 아니라 참고 근거(historical_case)로 병행 등록하는 것이 요구사항 9장의 취지와 맞는다고 판단.
단속 / 노점상 / 요청,건설과,64,단속|노점상|요청|불법|불법노점상|판매,5,월드컵대로 *** 도솔대교 근처 불법노점상 단속 요청,"봉명동에서 망치로 못박는 게임을 하는 노점상(?) 단속 요청
- 전화준 곳은 유성지구대 경찰이나, 옆에서 민원인이 지속적으로 항의를 하는 상황임. 단속이 가능한지 단속을 나오면 어떤 조치를 할 수 있는지 등 구체적으로 답변받고 싶어하여 밤중에 단속이 불가능함을 안내드렸으나 계속 연락을 주심",approved,,approve,,명확한 '불법 노점상 단속 요청' 유형. 매뉴얼에 없는 신규 유형으로 보임.,A그룹(기존 매뉴얼과 겹치거나 같은 유형이 여러 후보로 쪼개짐) - 승인. 기존 매뉴얼(official_manual)과 겹쳐도 충돌이 아니라 참고 근거(historical_case)로 병행 등록하는 것이 요구사항 9장의 취지와 맞는다고 판단.
요청 / 신고 / 봉명동,위생과,60,요청|신고|봉명동|유성구|사거리|식품위생법,5,유성떡집 불법 옥외영업 신고,"신성동 개밥파는고양이 근처 국수집에서 연기가 너무 많이 남. 환기시설이 제대로 안되어 있는거 같음 
상호명을 알지 못함(그냥 국수집이라고 함). 얼마전에 이사와서 본인 주소를 모름.  ",approved,,uncertain,,위생과 신고이나 샘플1(불법 옥외영업)과 샘플2(환기시설/냄새)의 세부 사안이 달라 단일 유형으로 보기엔 애매함.,B그룹(클러스터 안 두 샘플이 서로 다른 민원이라 하나의 유형으로 보기 어려움) - 반려. 매뉴얼과의 중복 문제가 아니라 클러스터링 자체가 잘못 묶은 노이즈로 판단. | [2차 재검수] top_terms '식품위생법'이 구체적 신호. 신규 유형으로 등록
차량 / 장대동 / 요청,주차관리과,60,차량|장대동|요청|차량번호|단속|조치,5,봉명동 ***-*(나이스팰리스) 주차장 입구 쪽에 차량 2대가 입구를 거의 막고 있어 흰색선이지만 통행에 불편이 있음.,"흰색 실선으로 된 곳에 차량이 주차되어있어 본인차량 및 옆집에 주차된 차량 등 4대가 나가지를 못하는데, 구청에 전화를 하면 (같은 상황으로 어제도 전화하셨다고 하심) 흰색 실선에 주차된 차량이어서 불법 주정차가 아니라고 안내를 받는다며,  
주정차 문제 관련 몇번 이런일이 있어 불편함을 겪는다고 호소하심
장대동 ***-*",approved,,uncertain,불법주정차_단속,"불법주정차, 3번과 동일 유형.",A그룹(기존 매뉴얼과 겹치거나 같은 유형이 여러 후보로 쪼개짐) - 승인. 기존 매뉴얼(official_manual)과 겹쳐도 충돌이 아니라 참고 근거(historical_case)로 병행 등록하는 것이 요구사항 9장의 취지와 맞는다고 판단.
고라니 / 관평동 / 부상당한,푸른환경과,60,고라니|관평동|부상당한|있음|송강동|멧돼지,5,둔곡동 CHC랩 본사 옆 왕복 4차선 도로에 부상 고라니 배회 중 -> 국제과학**로 ** LDK사무실 후방 2~30m 공터 풀숲에 넣어놓음 (구즉지구대 출동),아파트 내 허가된 각설이 분이 오셔서 시끄럽게 하는데 일정 데시벨이상 넘어가면 단속을 할 수 있는지 문의함,approved,,reject,,샘플1(부상 고라니)과 샘플2(개 소음 문의)가 완전히 다른 사안.,B그룹(클러스터 안 두 샘플이 서로 다른 민원이라 하나의 유형으로 보기 어려움) - 반려. 매뉴얼과의 중복 문제가 아니라 클러스터링 자체가 잘못 묶은 노이즈로 판단. | [2차 재검수] top_terms '고라니/부상당한/멧돼지'가 명확한 부상동물 구조 신고. 신규 유형(48번과 병합)
주차단속 / 요청 / 인근,주차관리과,54,주차단속|요청|인근|번길|도로|유성구,5,대전 유성구 문화원로 **와 대전 유성구 온천북로**번길 **-**사이 좁은길 낮부터 주차단속 요청하였음. 밤에는 더 심하여 주차단속 요청,"신세계 백화점 후문 주차단속 요청 (일부차량 번호판 가려져 있어, 이에 대한 확인 같이 요청함)",approved,,uncertain,불법주정차_단속,"주차단속 요청, 3번과 동일 유형.",A그룹(기존 매뉴얼과 겹치거나 같은 유형이 여러 후보로 쪼개짐) - 승인. 기존 매뉴얼(official_manual)과 겹쳐도 충돌이 아니라 참고 근거(historical_case)로 병행 등록하는 것이 요구사항 9장의 취지와 맞는다고 판단.
로드킬 / 고양이 / 요청,청소행정과,52,로드킬|고양이|요청|사체|신고|처리,5,"고라니 로드킬 사체처리 요청
지족동 **** 앞",남세종ic - 안산동사이 도로 중간 로드킬 사체 처리 요청,approved,,uncertain,동물사체_처리,"로드킬(고양이) 처리, 2번과 동일 유형.",A그룹(기존 매뉴얼과 겹치거나 같은 유형이 여러 후보로 쪼개짐) - 승인. 기존 매뉴얼(official_manual)과 겹쳐도 충돌이 아니라 참고 근거(historical_case)로 병행 등록하는 것이 요구사항 9장의 취지와 맞는다고 판단.
현수막이 / 조치 / 너무,건축과,51,현수막이|조치|너무|대전|번지|있어,5,"대전 유성구 신성로**번길 ** 건물에서 연기가 자꾸남. 음식점이 있는 건물인데 음식점 굴뚝(?)에서 나오는 연기로 추정되며, 건물 시설이 잘못되어 연기가 잘못 나오는 거 같다고 함. 건물 시설이 제대로 되어있는지 확인 요청. 
담당공무원이 확인해보고 민원인 전화로 전화요청 하셨으며, 자신의 전화번호가 외부노출 안되도록 주의해달라고 함.",외삼초~외삼중 사이에 '윤석열 탄핵해야 메리크리스마스'라는 내용의 플랜카드가 게시되어 있어 뗄 수 있는 지 문의 ,approved,,reject,,샘플1(냄새 민원)과 샘플2(현수막 문의)가 완전히 다른 사안.,"B그룹(클러스터 안 두 샘플이 서로 다른 민원이라 하나의 유형으로 보기 어려움) - 반려. 매뉴얼과의 중복 문제가 아니라 클러스터링 자체가 잘못 묶은 노이즈로 판단. | [2차 재검수] top_terms '현수막이'가 명확한 신호. 51건 다수가 현수막 민원으로 판단, 소수(냄새 민원)는 하위 비고로 남김"
있음 / 요청함 / 번길,지역산업과,49,있음|요청함|번길|조치요청|단지|에서,5,어은로 **번길 **에서 교통사고 당한 고양이를 발견함. ,"유성IC근처 '위성주유소'에서 4000원치 결제됐으나 차량 주행가능거리에 변동없음-> 사무실에 문의했으나 다툼발생, 사기치는거같다고 하심
주유제대로 되고있는지 확인후 월요일 연락요구함",rejected,,reject,,샘플1(고양이 교통사고)과 샘플2(주유소 사기 의심)가 무관한 사안.,"B그룹(클러스터 안 두 샘플이 서로 다른 민원이라 하나의 유형으로 보기 어려움) - 반려. 매뉴얼과의 중복 문제가 아니라 클러스터링 자체가 잘못 묶은 노이즈로 판단. | [2차 재검수] top_terms가 전부 범용어('있음','요청함','번길' 등)라 신호 없음, 반려 유지"
처리요청 / 사체 / 고양이사체,청소행정과,47,처리요청|사체|고양이사체|고양이|고라니|도룡동,5,도안대로 ***-** 홈플러스방향 고양이 사체 처리요청 / 업체연락완,"구즉로 **번길 **, 고양이 사체 처리요청",approved,,uncertain,동물사체_처리,"동물사체(고양이) 처리, 2번과 동일 유형.",A그룹(기존 매뉴얼과 겹치거나 같은 유형이 여러 후보로 쪼개짐) - 승인. 기존 매뉴얼(official_manual)과 겹쳐도 충돌이 아니라 참고 근거(historical_case)로 병행 등록하는 것이 요구사항 9장의 취지와 맞는다고 판단.
축제 / 요청 / 하심,문화관광체육과,46,축제|요청|하심|관련|버스킹|소음,5,복용동 서남부종합스포츠타운 공사현장 통행로 막아둠. 농로길 이용에 불편함. 전방 공사중 우회 표지판 요청.  (공사안내표지판),"크리스마스 축제장 분실물 발생 민원
(인생네컷포토부스에서 노란색 파우치 분실 추정)",approved,,reject,,샘플1(공사장 통행로 문의)과 샘플2(축제 분실물)가 무관한 사안.,B그룹(클러스터 안 두 샘플이 서로 다른 민원이라 하나의 유형으로 보기 어려움) - 반려. 매뉴얼과의 중복 문제가 아니라 클러스터링 자체가 잘못 묶은 노이즈로 판단. | [2차 재검수] top_terms '축제/버스킹/소음'이 구체적 신호. 신규 유형으로 등록
차량 / 요청 / 차량번호,교통정책과,45,차량|요청|차량번호|조치|있음|신고,5,전동킥보드 4대가 인도(지족동 ****-**)에 있어서 통행에 불편을 겪고 있어 조치 요청,"19시 7분경 충남대학교 앞 버스정류장에서 마을1번 버스를 타려고 대기중이었는데,  버스가 정류장에 정차하지 않고 지나감. 담당 부서에 조치 요청.",rejected,,reject,,샘플1(전동킥보드 방치)과 샘플2(버스 무정차)가 무관한 사안.,"B그룹(클러스터 안 두 샘플이 서로 다른 민원이라 하나의 유형으로 보기 어려움) - 반려. 매뉴얼과의 중복 문제가 아니라 클러스터링 자체가 잘못 묶은 노이즈로 판단. | [2차 재검수] top_terms('차량','차량번호')가 너무 광범위해 특정 유형을 특정할 수 없음, 반려 유지"
요청 / 조치 / 단지,녹지산림과,45,요청|조치|단지|가지치기|나무|민원,5,유성국화축제 이후 국화 화분 개인적으로 가져갈 수 있는지 문의,국화축제 방문객인것 같은데 어은동 식당앞에 함부로 주차하여 장사하는데 영향을 끼침.  행사기간 동안  개방된 주차공간 안내 및 가게 앞 등에는 주차 하지 않도록 안내해주셨으면 좋겠다고 말씀하심.(회신 요청은 x),approved,,reject,,샘플1(국화 화분 문의)과 샘플2(주차 안내)가 무관한 사안.,B그룹(클러스터 안 두 샘플이 서로 다른 민원이라 하나의 유형으로 보기 어려움) - 반려. 매뉴얼과의 중복 문제가 아니라 클러스터링 자체가 잘못 묶은 노이즈로 판단. | [2차 재검수] top_terms '가지치기/나무'가 구체적 신호. 신규 유형으로 등록(나무 쓰러짐과는 다른 - 사전 관리요청)
사이 / 요청 / 인한,재난안전과,45,사이|요청|인한|가는|고장|반석천,5,유성천(장대교~장명교 일대) 고수부지 따라 쓰레기로 인한 오염으로 환경정비요청,예비군 온라인 교육을 미수료하여 오프라인 교육 이번주 금요일(12/27)로 안내받았으나 타지역으로 이주하여 오프라인 교육을 수강하지 못하는 상태로 온라인 교육 재수강이 가능한지 문의전화 주심,rejected,,reject,,샘플1(하천 쓰레기 오염)과 샘플2(예비군 교육 재수강 문의)가 무관한 사안.,"B그룹(클러스터 안 두 샘플이 서로 다른 민원이라 하나의 유형으로 보기 어려움) - 반려. 매뉴얼과의 중복 문제가 아니라 클러스터링 자체가 잘못 묶은 노이즈로 판단. | [2차 재검수] top_terms가 지명/범용어 위주라 신호 없음, 반려 유지"
요청 / 구조 / 유기견,지역산업과,44,요청|구조|유기견|인근|아파트|새끼고양이,5,"전민동 제일교회 부근 개소음이 심함
월요일 전화연결 요청","아파트 단지 내 목줄 착용은 하였으나, 입마개 미착용한 강아지가 있어서 불편하시다고 하는데 견종에 대한 설명은 없으셨습니다.
전화 요청 하셨으며 입마개 착용이 필수인 견종이나 과태료 대상에 대해서 설명이 필요할거 같습니다.",approved,,uncertain,,둘 다 반려동물 관련이나 세부 사안(소음/목줄)이 달라 단일 유형으로 보기엔 애매함.,B그룹(클러스터 안 두 샘플이 서로 다른 민원이라 하나의 유형으로 보기 어려움) - 반려. 매뉴얼과의 중복 문제가 아니라 클러스터링 자체가 잘못 묶은 노이즈로 판단. | [2차 재검수] top_terms '유기견/새끼고양이/구조'가 68번(유기동물 보호중 신고)과 동일 주제
불법 / 주정차 / 사이,주차관리과,41,불법|주정차|사이|단지|우회전|도로,5,상대동 트리플시티*단지 *단지 사이 4차선도로 불법 주정차 단속 요청,대전 MBC-스마트시티*단지 사이 도로(엑스포로***번길) 주차 단속 요망,approved,,uncertain,불법주정차_단속,"불법주정차, 3번과 동일 유형.",A그룹(기존 매뉴얼과 겹치거나 같은 유형이 여러 후보로 쪼개짐) - 승인. 기존 매뉴얼(official_manual)과 겹쳐도 충돌이 아니라 참고 근거(historical_case)로 병행 등록하는 것이 요구사항 9장의 취지와 맞는다고 판단.
단속요청 / 불법주차 / 주정차,주차관리과,38,단속요청|불법주차|주정차|봉명동|차량|인근,5,"문지동 효성해링턴에서 대덕터널 방향 상옥체육공원에서 클래스기업 도로 사이 크레인, 덤프트럭 등 불법주차 단속요청(황색선)",버스정류장 원불교유성교당 근처 불법주차 단속요청,approved,,uncertain,불법주정차_단속,"불법주정차, 3번과 동일 유형.",A그룹(기존 매뉴얼과 겹치거나 같은 유형이 여러 후보로 쪼개짐) - 승인. 기존 매뉴얼(official_manual)과 겹쳐도 충돌이 아니라 참고 근거(historical_case)로 병행 등록하는 것이 요구사항 9장의 취지와 맞는다고 판단.
잔해물 / 교통사고 / 처리,청소행정과,35,잔해물|교통사고|처리|요청|잔해|발생,5,"온천로 **, 공차 앞 교통사고로 인한 잔해물 처리 요청",교통사고 잔해물 처리 요청,approved,,uncertain,교통사고_잔해물처리,명확한 '교통사고 잔해물 처리 요청' 유형이나 기존 매뉴얼 커버리지와 겹칠 가능성 있어 재확인 필요.,A그룹(기존 매뉴얼과 겹치거나 같은 유형이 여러 후보로 쪼개짐) - 승인. 기존 매뉴얼(official_manual)과 겹쳐도 충돌이 아니라 참고 근거(historical_case)로 병행 등록하는 것이 요구사항 9장의 취지와 맞는다고 판단.
불법 / 현수막 / 단지,건축과,34,불법|현수막|단지|요청|철거|사이,5,"불법 현수막 철거 요청
위치: 전민네거리 세종아파트 부분",유성지구대 옆 보도 위 불법 적치물(광고풍선/7080홍보)에 걸려 넘어져 정강이 부상 당함. 불법 적치물 조치 요청.(당직 휴대폰으로 관련 사진 전송한다 했는데 안옴),approved,,uncertain,불법현수막_철거,"불법현수막 철거 요청, 34/38/52/56번과 동일 유형.",A그룹(기존 매뉴얼과 겹치거나 같은 유형이 여러 후보로 쪼개짐) - 승인. 기존 매뉴얼(official_manual)과 겹쳐도 충돌이 아니라 참고 근거(historical_case)로 병행 등록하는 것이 요구사항 9장의 취지와 맞는다고 판단.
현수막 / 제거 / 요청,건축과,34,현수막|제거|요청|철거|불법현수막|횡단보도,5,유성 홈플러스 앞 대로변 불법현수막 제거 요청(시위관련 현수막),노은3동 일대 불법 현수막 즐비하여 제거 요청(위치를 여쭈었으나 노은3동이 다 그렇다고 말씀하심),approved,,uncertain,불법현수막_철거,"현수막 철거 요청, 33/38/52/56번과 동일 유형.",A그룹(기존 매뉴얼과 겹치거나 같은 유형이 여러 후보로 쪼개짐) - 승인. 기존 매뉴얼(official_manual)과 겹쳐도 충돌이 아니라 참고 근거(historical_case)로 병행 등록하는 것이 요구사항 9장의 취지와 맞는다고 판단.
요청 / 공원 / 조치,공원과,33,요청|공원|조치|전화|광장|수목,5,"상대동 트리풀시티*단지 아파트 옆 천년근린공원 내 운동기구 훼손으로 정비 요청
20시 30분 현장 재난방지 안전띠 설치 완료 / 첨부사진 확인하세요",노은동 안산 어린이 공원 내 시설물 하자로 어린이 안전 사고/ 시설물 하차 처리 및 사고 관련 전화 요청,approved,,approve,,두 샘플 모두 '공원 시설물 훼손/하자 신고'로 일관된 유형.,A그룹(기존 매뉴얼과 겹치거나 같은 유형이 여러 후보로 쪼개짐) - 승인. 기존 매뉴얼(official_manual)과 겹쳐도 충돌이 아니라 참고 근거(historical_case)로 병행 등록하는 것이 요구사항 9장의 취지와 맞는다고 판단.
족욕장 / 유성구 / 봉명동,공원과,33,족욕장|유성구|봉명동|조명|있는|근처,5,"진터어린이공원(대전 유성구 구암동 ***-*) 며칠째 야간에 조명이 켜지지 않음. 조치 요청

","방동 윤슬거리 데크길을 걸어서 주차장쪽으로 가던 중에, 중간에 공사를 해서 데크길을 내려오면서 갓길에 있는 낙엽을 밟고 넘어졌다고 하시면서 이에 대한 보상을 받을 수 있는지 물어보셨습니다. ",approved,,reject,,샘플1(조명 고장)과 샘플2(데크길 낙상 사고)가 무관한 사안.,B그룹(클러스터 안 두 샘플이 서로 다른 민원이라 하나의 유형으로 보기 어려움) - 반려. 매뉴얼과의 중복 문제가 아니라 클러스터링 자체가 잘못 묶은 노이즈로 판단. | [2차 재검수] 공원 시설물 훼손·하자(#35)로 병합 - top_terms '족욕장/조명'이 공원시설 문제
제설 / 요청 / 작업,건설과,31,제설|요청|작업|도로|번지|단지,5,구암교사거리에서 유성아이씨 방면 천변 인도데크가 얼어 사람들이 많이 넘어지고 있음. 제설 요청.,"굴착기 사용을 한다,  이와 관련한 재능기부(ex.제설 작업 할 때 굴착기 사용 등)을 하고싶다  ",approved,,reject,,샘플1(제설 요청)과 샘플2(재능기부 제안)가 무관한 사안.,B그룹(클러스터 안 두 샘플이 서로 다른 민원이라 하나의 유형으로 보기 어려움) - 반려. 매뉴얼과의 중복 문제가 아니라 클러스터링 자체가 잘못 묶은 노이즈로 판단. | [2차 재검수] top_terms '제설/작업'이 명확한 신호. 신규 유형으로 등록(66/69번과 병합)
불법현수막 / 요청 / 철거,건축과,29,불법현수막|요청|철거|처리|도로|용계동,5,봉명동 ***-* 인근 횡단보도 불법현수막 철거 요청,반석마을아파트 주변 줌알 불법현수막 단속 요청(아파트 분양 광고 등 매주 금요일부터 일요일까지 난립함),approved,,approve,불법현수막_철거,"명확한 '불법현수막 철거 요청' 유형(22/33/34/52/56과 동일, 대표 후보로 병합 권장).",A그룹(기존 매뉴얼과 겹치거나 같은 유형이 여러 후보로 쪼개짐) - 승인. 기존 매뉴얼(official_manual)과 겹쳐도 충돌이 아니라 참고 근거(historical_case)로 병행 등록하는 것이 요구사항 9장의 취지와 맞는다고 판단.
물이 / 있음 / 계속,공원과,28,물이|있음|계속|단지|새고|화장실,5,매봉산 근린공원 조성지 토사가 흘러내려 교통에 방해가 있음.,대온천탕 앞에 어린이 물놀이형 수경시설에서 물이 계속 나온다고 함,approved,,uncertain,,둘 다 공원 내 물 관련이나 세부 사안이 달라 단일 유형으로 보기엔 애매함.,B그룹(클러스터 안 두 샘플이 서로 다른 민원이라 하나의 유형으로 보기 어려움) - 반려. 매뉴얼과의 중복 문제가 아니라 클러스터링 자체가 잘못 묶은 노이즈로 판단. | [2차 재검수] 공원 시설물 훼손·하자(#35)로 병합 - top_terms '물이/새고/화장실'이 공원시설 누수 문제
하천 / 처리 / 다리,재난안전과,27,하천|처리|다리|인근|봉명동|많이,5,"학하동 **-* 힐스테이트도안리버파크 공사현장 옆 뚝방길에 포스트바같은것을 설치하여 차량통행이 안됨.
구청 혹은 건설현장에서 도로에 일부러 세워놓은건지 확인 후 조치요청","반석천 주변 노은 꿈에  그린 인근 산책로(군수사령부에서 반석초 인근까지 500m정도)에 안전장치없이 포크레인과 트럭이 이동하며 공사중
안전장치없이 2달간 공사가 지속되어 위험한 상황이라 민원을 접수했다고 함.
5번째 민원을 넣었는데 해당과 해당 담당자는 연락 한번 안해준다고 많이 화가나심.",rejected,,reject,,샘플1(통행 방해물)과 샘플2(공사장 안전장치 미비)가 무관한 사안.,"B그룹(클러스터 안 두 샘플이 서로 다른 민원이라 하나의 유형으로 보기 어려움) - 반려. 매뉴얼과의 중복 문제가 아니라 클러스터링 자체가 잘못 묶은 노이즈로 판단. | [2차 재검수] top_terms '하천/다리'가 너무 광범위해 특정 유형을 특정할 수 없음, 반려 유지"
오토바이 / 번호판 / 유성구,교통정책과,24,오토바이|번호판|유성구|번길|없음|없는,5,"오토바이 주유 과정에서 오토바이에 락이 걸려 부득이 인도 한켠에 오토바이를 주차하게 됐음
부득이한 사항임을 감안해달라는 요청
오토바이(대구달서하****)는 7일 오전중 오토바이 정비소에 입고시킬 예정","정지명령 차량이 운행하고있어서 계도조치 요청함.
**너**** / 주차장소: 문화원로***번길 * 에이스타운4차 GS편의점쪽",approved,,uncertain,,샘플1(오토바이 주차)과 샘플2(정지명령 차량)의 세부 사안이 달라 애매함.,B그룹(클러스터 안 두 샘플이 서로 다른 민원이라 하나의 유형으로 보기 어려움) - 반려. 매뉴얼과의 중복 문제가 아니라 클러스터링 자체가 잘못 묶은 노이즈로 판단. | [2차 재검수] 방치 오토바이(#73)로 병합 - top_terms '오토바이/번호판'이 동일 주제
신고 / 불법광고물 / 봉명동,건축과,23,신고|불법광고물|봉명동|불법건축물|건물|단속,5,"봉명동 ***-**번지 유성각 불법건축물 신고한 대상자인데 처리과정 안내 희망
연락이 안될 경우 문자 요청  ","봉명동 ***-**번지 상 건축물 불법건축물 신고건 처리결과 및 진행상황을 통보해주기 바람.
(어제도 연락했었는데, 연락주겠다고 해놓고 오지 않아서 꼭 연락해주기를 바람.)",approved,,approve,,명확한 '불법건축물 신고 처리 결과 문의' 유형(top_terms의 '불법광고물'은 실제 내용과 다소 안 맞아 표현 재검토 필요).,A그룹(기존 매뉴얼과 겹치거나 같은 유형이 여러 후보로 쪼개짐) - 승인. 기존 매뉴얼(official_manual)과 겹쳐도 충돌이 아니라 참고 근거(historical_case)로 병행 등록하는 것이 요구사항 9장의 취지와 맞는다고 판단.
단지 / 화물차 / 사이,교통정책과,22,단지|화물차|사이|버스|도로|주차,5,상대동 트리푸시티*단지와 *단지 사이 주말을 이용해 밤샘주차하는 화물차량이 있으니 주말단속 요청함.,"상대동 ***(상대동 *단지, *단지 사이 도로) 트럭 밤샘주차 단속 요청",approved,,approve,화물차_밤샘주차,명확한 '화물차 밤샘 주차 단속 요청' 유형(61번과 병합).,A그룹(기존 매뉴얼과 겹치거나 같은 유형이 여러 후보로 쪼개짐) - 승인. 기존 매뉴얼(official_manual)과 겹쳐도 충돌이 아니라 참고 근거(historical_case)로 병행 등록하는 것이 요구사항 9장의 취지와 맞는다고 판단.
강아지 / 단속 / 말티푸,지역산업과,22,강아지|단속|말티푸|있음|요청|실종,5,"강아지 목줄 미착용 단속 요청
봉명동 홈플러스 인근 갑천산책로","학하초 정문앞, 집앞 문이 열려있고 강아지 5마리 목줄없이 주위 활보, 주인은 보이지 않고 행인들 향해 짖음.",approved,,approve,,명확한 '목줄 미착용 등 반려동물 관련 단속 요청' 유형.,A그룹(기존 매뉴얼과 겹치거나 같은 유형이 여러 후보로 쪼개짐) - 승인. 기존 매뉴얼(official_manual)과 겹쳐도 충돌이 아니라 참고 근거(historical_case)로 병행 등록하는 것이 요구사항 9장의 취지와 맞는다고 판단.
처리 / 요망 / 연락,공원과,20,처리|요망|연락|요청|있어|설치된,5,족욕장에 발말리는 에어펌프의 호스가 없어서 연락 (수선 예정이라 없는 거면 다시 재설치만 해달라고 하심),"유성구 지족동 열매마을 ***동 큰대로변쪽에 나무를 새로 심어놨는데 죽은 나무(?)로 심어놔서 보기가 안좋음 
연락 부탁드립니다  ",rejected,,uncertain,,둘 다 공원시설 관리 관련이나 세부 사안이 달라 애매함.,"B그룹(클러스터 안 두 샘플이 서로 다른 민원이라 하나의 유형으로 보기 어려움) - 반려. 매뉴얼과의 중복 문제가 아니라 클러스터링 자체가 잘못 묶은 노이즈로 판단. | [2차 재검수] top_terms가 전부 범용어라 신호 없음, 반려 유지"
가로등 / 안들어옴 / 전체,공원과,20,가로등|안들어옴|전체|불이|나감|단지,5,유성지구대 신고사항. 구암동 인삼어린이공원 가로등 전체 안들어옴 조치바람.,전민동 왕골근린공원 가로등 고장 차리요망,approved,,uncertain,가로등_고장,"가로등 고장, 4번과 동일 유형.",A그룹(기존 매뉴얼과 겹치거나 같은 유형이 여러 후보로 쪼개짐) - 승인. 기존 매뉴얼(official_manual)과 겹쳐도 충돌이 아니라 참고 근거(historical_case)로 병행 등록하는 것이 요구사항 9장의 취지와 맞는다고 판단.
관련 / 요청 / 수급자,생활보장과,20,관련|요청|수급자|확인|민원|숙박시설,5,행복주택 주거급여 수급자 조건 관련 문의사항 >민원인: 전화 답변요청,"생계지원금 관련 안내를 받고싶다고 하심.
만약 타 지역 혹은 타 자치구로 이사가게되면 기존에 받던 생계지원금은 못 받게 되는지 등등 궁금해하심.",approved,,approve,,명확한 '생계지원금/수급자 관련 문의' 유형.,A그룹(기존 매뉴얼과 겹치거나 같은 유형이 여러 후보로 쪼개짐) - 승인. 기존 매뉴얼(official_manual)과 겹쳐도 충돌이 아니라 참고 근거(historical_case)로 병행 등록하는 것이 요구사항 9장의 취지와 맞는다고 판단.
고양이 / 구조 / 요청,지역산업과,20,고양이|구조|요청|부상당한|부상|번지,5,성북동 **-*번지 (성북 3통마을회관 일원) 농지에 며칠전 발효되지 않은 축분을 다량(대형차량 10대분량) 두어 냄새가 심하다고 함,노은동***-*번지 고양이 5마리 중성화 시키고 싶음,approved,,reject,,샘플1(축분 냄새 민원)과 샘플2(고양이 중성화 문의)가 무관한 사안.,B그룹(클러스터 안 두 샘플이 서로 다른 민원이라 하나의 유형으로 보기 어려움) - 반려. 매뉴얼과의 중복 문제가 아니라 클러스터링 자체가 잘못 묶은 노이즈로 판단. | [2차 재검수] top_terms '고양이/구조/부상당한/부상'이 19번과 동일 주제
나무가 / 쓰러져 / 전민동,녹지산림과,19,나무가|쓰러져|전민동|있다고|번지|나무,5,미왕물류(구암동 ***-*) 뒷골목에 나무가 쓰러져 있다고 함,집 뒤편에 나무가 쓰러져 지붕 손상. 당장 생활에 문제는 없으나 천장이 우그러지는 등 피해가 발생했다고 함.,approved,,approve,나무_쓰러짐,명확한 '나무 쓰러짐 신고' 유형(71번과 병합).,A그룹(기존 매뉴얼과 겹치거나 같은 유형이 여러 후보로 쪼개짐) - 승인. 기존 매뉴얼(official_manual)과 겹쳐도 충돌이 아니라 참고 근거(historical_case)로 병행 등록하는 것이 요구사항 9장의 취지와 맞는다고 판단.
요청 / 조치 / 급수시설,재난안전과,19,요청|조치|급수시설|하천|다리|단속,5,대전 유성구 테크노*로 *-** 아이디스 본사 앞 하천 다리 밑에서 몇년 째 골프를 치는 사람이 있음 지나가다가 행인이 맞을 수도 있고 위험해 보임 조치 요청,관평천 - 대전용산고등학교 맞은편 가로등 1개만 새벽 내내 켜져있어서 전력 낭비 우려하며 조치 요청하심 / 조치 후 전화 달라고 하셨음,rejected,,reject,,샘플1(무단 골프 이용자)과 샘플2(가로등 전력낭비)가 무관한 사안.,"B그룹(클러스터 안 두 샘플이 서로 다른 민원이라 하나의 유형으로 보기 어려움) - 반려. 매뉴얼과의 중복 문제가 아니라 클러스터링 자체가 잘못 묶은 노이즈로 판단. | [2차 재검수] top_terms '급수시설'은 구체적이나 실제 샘플 2건과 전혀 안 맞아 신뢰도 낮음, 반려 유지(재검토 후보로 남김)"
유성대로 / 번길 / 사체,청소행정과,19,유성대로|번길|사체|고양이|도로|처리요청,5,유성대로***번길 ** 위담한의원 출입문 도로 고양이 사체 처리 ,유성대로(대정동 한진물류~모다아울렛 사이 대로변) 동물사체(고라니) 처리요청,approved,,uncertain,동물사체_처리,"동물사체 처리, 2번과 동일 유형.",A그룹(기존 매뉴얼과 겹치거나 같은 유형이 여러 후보로 쪼개짐) - 승인. 기존 매뉴얼(official_manual)과 겹쳐도 충돌이 아니라 참고 근거(historical_case)로 병행 등록하는 것이 요구사항 9장의 취지와 맞는다고 판단.
민원 / 관련 / 요청함,건축과,18,민원|관련|요청함|전달|공사|접수,5,대전시 경찰 (112상황실)로 최초 접수 민원/ 덕명동 네오미아 쪽 불법 현수막 수거 요청(중소기업 정책자금 관련 내용 적혀있다고 하심.),"대덕초등학교 앞 불법현수막 30개정도 있는데 철거요청함.
학교 앞이라 교육적으로도 좋지 않음. 빠른 조치 요청함.",approved,,uncertain,불법현수막_철거,"불법현수막 관련, 38번과 동일 유형.",A그룹(기존 매뉴얼과 겹치거나 같은 유형이 여러 후보로 쪼개짐) - 승인. 기존 매뉴얼(official_manual)과 겹쳐도 충돌이 아니라 참고 근거(historical_case)로 병행 등록하는 것이 요구사항 9장의 취지와 맞는다고 판단.
장애인주차구역 / 문의 / 사진,노인장애인과,18,장애인주차구역|문의|사진|2층|요망|요청,5,10.9. 현대프리미엄아울렛 장애인주차위반으로 과태료 납부하였으며 영수증 발급 원함,"도안 *단지와 *단지 사이 고가도로에서 노인일자리 교통지도해주시는 노인분이 보도블럭 아래까지 내려오셔서 교통지도를 하셔서 운전자 입장에서 위험해보여
담당부서의 당부 및 재교육을 요청.",approved,,reject,,샘플1(과태료 영수증 발급)과 샘플2(노인일자리 교통지도)가 무관한 사안.,B그룹(클러스터 안 두 샘플이 서로 다른 민원이라 하나의 유형으로 보기 어려움) - 반려. 매뉴얼과의 중복 문제가 아니라 클러스터링 자체가 잘못 묶은 노이즈로 판단. | [2차 재검수] 장애인 주차구역(#54)으로 병합 - top_terms '장애인주차구역'이 동일 주제
장애인 / 주차구역 / 신고,노인장애인과,17,장애인|주차구역|신고|주차|관련|번지,5,"**구**** 싼타페 은색차량에 구 장애인 주차표지판을 소지하고 다니는 것으로 확인.
적정한 표지판인지 확인 후 갱신대상이면 갱신안내
(장애인 주차구역에 주차를 하지 않았으나, 민원인이 장애인주차표지판을 허위로 사용한다고 경찰에 신고를 한 상황이며 경찰서에서는 허위 공문서위반혐의는 확인되지 않는다며 종결, 민원인에게는 별도 안내는 필요없음)","장애인 불법 주정차 관련, 장애인 본인 및 장애인을 동반한 가족이 아닐 때의 불법주정차 신고 방법을 문의하심. 안전신문고를 통해 신고할 것을 권고 드렸으나, 해당 차량이 장애인스티커가 부착된 차량이라고는 하심. 이 경우 현장 사진을 남겨야하는지 등의 신고절차를 자세히 알고싶다고 하시며 연락줄 것을 요청하심.",approved,,approve,,명확한 '장애인 주차구역 관련 신고/문의' 유형.,A그룹(기존 매뉴얼과 겹치거나 같은 유형이 여러 후보로 쪼개짐) - 승인. 기존 매뉴얼(official_manual)과 겹쳐도 충돌이 아니라 참고 근거(historical_case)로 병행 등록하는 것이 요구사항 9장의 취지와 맞는다고 판단.
물이 / 유성구 / 내려가는,재난안전과,17,물이|유성구|내려가는|근처|방면|있음,5,용계동 하천에서 물이 솟아오른다고 함. 물이 넘치거나 하는 상황은 아님. / 성세재활원 주변에 새로 지은 철 다리 근처라고 하십니다.,"대전 유성구 봉명동 ***-*, 그랑펠리체 아파트 뒷편 자전거도로 공사로인하여 자전거 운행중 사고당함
전화요청",rejected,,reject,,샘플1(하천 물 솟음)과 샘플2(자전거도로 공사 사고)가 무관한 사안.,"B그룹(클러스터 안 두 샘플이 서로 다른 민원이라 하나의 유형으로 보기 어려움) - 반려. 매뉴얼과의 중복 문제가 아니라 클러스터링 자체가 잘못 묶은 노이즈로 판단. | [2차 재검수] top_terms '물이/내려가는'이 너무 모호함, 반려 유지"
철거요청 / 불법현수막 / 지족동,건축과,16,철거요청|불법현수막|지족동|현수막|단속요청|걸려있음,5,"불법현수막 단속요청
 - 화암네거리~북대전IC네거리 인도 
 - 봉명동 계룡스파텔 인근
 - 관평동 롯데마트 횡단보도, 인도 인근","은구비네거리 유셩경찰서 앞 버스정류장(유성경찰서/유성여고입구(반석역방면))에 설치된 불법 현수막 철거요청
 - 이전에도 신고해서 철거된적이 있었으나 최근 다시 현수막이 설치되었음",approved,,uncertain,불법현수막_철거,"불법현수막 철거, 38번과 동일 유형.",A그룹(기존 매뉴얼과 겹치거나 같은 유형이 여러 후보로 쪼개짐) - 승인. 기존 매뉴얼(official_manual)과 겹쳐도 충돌이 아니라 참고 근거(historical_case)로 병행 등록하는 것이 요구사항 9장의 취지와 맞는다고 판단.
봉명동 / 공사 / 용계동,공동주택과,16,봉명동|공사|용계동|공사현장|요청|건설현장,5,"덕명동 네오미아아파트 미분양 아파트를 분양받았고(2011년경)
미분양 주택은 주택 수에 포함되지 않는다고 알고있는데 이 내용 관련해서 자세하게 통화를 원하심
공동주택과에서 안내드릴 수 있는 사항인지는 모르겠다고 말씀은 드려놨으나.. 월요일에 연락 한 번 달라고 하셨습니다.","호반2블럭(봉명동) 아파트 옥상 테라스에 개인시설물 설치하여 배수구가 막혀 이번 장마 때 비피해를 입음
아파트 관리소에 문의하니 옥상 부분은 공용부분이며 사적이용 공간이 아니라는 안내를 받았다고함.
피해를 입은 것이 이번이 처음이 아니고 동영상 등 증거자료를 수집하였으며 구청장님 앞으로 내용증명 민원을 보낼 것이고, 담당 부서 및 담당자, 담당과 성함을 문",approved,,reject,,샘플1(미분양주택 문의)과 샘플2(배수구 막힘)가 무관한 사안.,B그룹(클러스터 안 두 샘플이 서로 다른 민원이라 하나의 유형으로 보기 어려움) - 반려. 매뉴얼과의 중복 문제가 아니라 클러스터링 자체가 잘못 묶은 노이즈로 판단. | [2차 재검수] top_terms '공사/공사현장/건설현장'이 구체적 신호. 신규 유형으로 등록
미성년자 / 주류판매 / 단속,위생과,16,미성년자|주류판매|단속|번길|청소년보호법|위반,5,"미성년자 주류판매 신고
온천북로**번길 **","유성구 전민로 **번길 **, 미성년자 주류판매 신고",approved,,approve,미성년자_주류판매단속,명확한 '미성년자 주류판매 단속 신고' 유형(70번과 병합).,A그룹(기존 매뉴얼과 겹치거나 같은 유형이 여러 후보로 쪼개짐) - 승인. 기존 매뉴얼(official_manual)과 겹쳐도 충돌이 아니라 참고 근거(historical_case)로 병행 등록하는 것이 요구사항 9장의 취지와 맞는다고 판단.
cctv / 방범용 / 관리번호,회계과,16,cctv|방범용|관리번호|문의|요청|번지,5,"구암동 ***-*번지 앞 주차된 차량 내에 있던 애완용앵무새 도난 당한 것으로 추정되어 주변 방범용 CCTV 열람 방법 문의.
구청 관할 방범용 CCTV인지는 당직실에서 확인이 불가하여 당직민원으로 등록하겠다고 답변함.
CCTV 열람 방법 등 유선상 안내 요망.","8.28. 12:10경 테크노*로 **-*번지 부근에서 교통사고 발생
블랙박스가 없어서 혹시 근처 cctv영상 받아볼 수 있는지 문의",approved,,approve,,명확한 'CCTV 열람/확인 문의' 유형.,A그룹(기존 매뉴얼과 겹치거나 같은 유형이 여러 후보로 쪼개짐) - 승인. 기존 매뉴얼(official_manual)과 겹쳐도 충돌이 아니라 참고 근거(historical_case)로 병행 등록하는 것이 요구사항 9장의 취지와 맞는다고 판단.
확인 / 봉명동 / 회신,건축과,15,확인|봉명동|회신|설치|여부|요청함,5,"온천서로 *을 이용하려 하는데 차량이 너무 크다며 경비원에게 주차거부당함, 
차종은 아반떼보다 작은 사이즈로 거부할 만한 합당한 이유가 없으며, 이것에 대해 신고하고 싶음 (연락 회신 바람)",봉명동 ***-**번지(유성각) 기 민원넣은 건(가건물 철거여부?)에 대하여 조치가 되었는지 진행상황 알고 싶음/ 전화를 받지 않을 시 문자로 보내 주실 것,rejected,,reject,,샘플1(주차거부 신고)과 샘플2(건축물 철거여부 확인)가 무관한 사안.,"B그룹(클러스터 안 두 샘플이 서로 다른 민원이라 하나의 유형으로 보기 어려움) - 반려. 매뉴얼과의 중복 문제가 아니라 클러스터링 자체가 잘못 묶은 노이즈로 판단. | [2차 재검수] top_terms가 전부 범용어라 신호 없음, 반려 유지"
단속요청 / 밤샘주차 / 요청,교통정책과,15,단속요청|밤샘주차|요청|차고지|번지|단속,5,유성구 관평동 센트럴시티오피스텔 앞 대형 차량 밤샘주차 단속요청,"월드컵경기장 인근 대형버스 단속요청 / 사고 유발
- 점멸신호등이라 더욱 위험하다고 함",approved,,uncertain,화물차_밤샘주차,"화물차 밤샘주차 단속, 43번과 동일 유형.",A그룹(기존 매뉴얼과 겹치거나 같은 유형이 여러 후보로 쪼개짐) - 승인. 기존 매뉴얼(official_manual)과 겹쳐도 충돌이 아니라 참고 근거(historical_case)로 병행 등록하는 것이 요구사항 9장의 취지와 맞는다고 판단.
가로등 / 관평천 / 수리,재난안전과,15,가로등|관평천|수리|현대아울렛|방면|단지,5,대덕테크노밸리운암네오미아*단지 앞 관평천 자전거도로에 차량 돌아다님 / 조치 요망,유성경찰서 건너 하천에 보안등이 한달동안 불이 안들어옴/ 처리완료 연락은 안주셔도 괜찮다고 하심,approved,,uncertain,,"샘플1(차량 통행 문의)과 샘플2(가로등 고장, 4번 유형)가 서로 다른 사안.",B그룹(클러스터 안 두 샘플이 서로 다른 민원이라 하나의 유형으로 보기 어려움) - 반려. 매뉴얼과의 중복 문제가 아니라 클러스터링 자체가 잘못 묶은 노이즈로 판단. | [2차 재검수] top_terms '가로등/수리'가 명확한 신호
번길 / 유성구 / 확인,푸른환경과,15,번길|유성구|확인|요망|조치|봉명동,5,"고라니(유기동물) 처리 요망
대전오토월드 정비센터 자동차검사소에서 안쪽으로 들어오면 태하강택 바로 옆 가게라고 하심. (***호로 추정) (가게 문은 열어놓았다고 함.)","하천 물이 뿌옇게 되었으며, 오수 흘러들어가는거 같으니 확인 요망(에이트 카페 건너편 봉명동 *** 하천 부근에서 확인)",rejected,,reject,,샘플1(고라니 처리)과 샘플2(하천 수질오염)가 무관한 사안.,"B그룹(클러스터 안 두 샘플이 서로 다른 민원이라 하나의 유형으로 보기 어려움) - 반려. 매뉴얼과의 중복 문제가 아니라 클러스터링 자체가 잘못 묶은 노이즈로 판단. | [2차 재검수] top_terms가 지명/범용어 위주라 신호 없음, 반려 유지"
청사 / 요청 / 확인,회계과,15,청사|요청|확인|40|장대동|11,5,별관 화재경보기 작동 (11:40~12:40) ,구청 내 주차장 정자 앞에 주차하다가 튀어나온 경계석에 타이어가 찢어짐.  ,rejected,,reject,,샘플1(화재경보기 작동)과 샘플2(주차장 타이어파손)가 무관한 사안.,"B그룹(클러스터 안 두 샘플이 서로 다른 민원이라 하나의 유형으로 보기 어려움) - 반려. 매뉴얼과의 중복 문제가 아니라 클러스터링 자체가 잘못 묶은 노이즈로 판단. | [2차 재검수] top_terms에 시각 숫자 파편('40','11')만 있어 신호 없음, 반려 유지"
조치 / 바람 / 너무,지역산업과,14,조치|바람|너무|고양이가|개가|요망,5,"본인 옆집 80대 혼자 사시는 할머니집에 주인 모르는 개가 새끼를 낳고 가버림. 할머니는 이 개들을 어떻게 처리할까 고민이라고 하셔서 문의 하심. 1~2일 내에 해결 요망
할머니분 번호: 042-****-****","대전반려동물공원 관련 민원: 시 소관인줄은 아나, 유성구 담당직원에게도 민원 전달 바람(관련 봉사자 업무 미이숙 등 / 민원인 전화요망)",rejected,,uncertain,,둘 다 반려동물 관련이나 세부 사안이 달라 애매함.,"B그룹(클러스터 안 두 샘플이 서로 다른 민원이라 하나의 유형으로 보기 어려움) - 반려. 매뉴얼과의 중복 문제가 아니라 클러스터링 자체가 잘못 묶은 노이즈로 판단. | [2차 재검수] top_terms '고양이가/개가'가 너무 막연함(구체적 행위 없음), 반려 유지"
진잠동 / 건축물 / 제설,진잠동,14,진잠동|건축물|제설|수급자인데|요청|염화칼슘,5,수급자인데 입금된 금액이 기존에 입금되던 금액과 달라서 문의,도안네거리 ~  진잠교 사이에 3군데 정도 태극기 게양된게 바닥에 떨어져 있다고 신고들어옴. ,approved,,reject,,"샘플1(수급자 지원금 문의)과 샘플2(태극기 떨어짐)가 무관한 사안, 제설과도 무관.",B그룹(클러스터 안 두 샘플이 서로 다른 민원이라 하나의 유형으로 보기 어려움) - 반려. 매뉴얼과의 중복 문제가 아니라 클러스터링 자체가 잘못 묶은 노이즈로 판단. | [2차 재검수] top_terms '제설/염화칼슘'이 37번과 동일 주제(부서는 진잠동 행정복지센터)
소음 / 민원 / 행사,공원과,13,소음|민원|행사|뮤직토크쇼|작은내수변공원|진행,5,작은내수변공원 앞 공연으로 인한 소음 민원 다수 신고,"- 민원인: 인근 주민
- 위치: 윗관들어린이공원
- 주최자: 뿌리와새싹어린이집
- 내용: 단오축제를 하여 꽹과리 사용 및 마이크로 노래 부르고 공연을 하여 소음발생 -> 행사 중지 요청
           17년째 행사 진행 중이라 추후에 금지 요청
           현재 경찰 출동",approved,,approve,,명확한 '공원 행사 소음 민원' 유형.,A그룹(기존 매뉴얼과 겹치거나 같은 유형이 여러 후보로 쪼개짐) - 승인. 기존 매뉴얼(official_manual)과 겹쳐도 충돌이 아니라 참고 근거(historical_case)로 병행 등록하는 것이 요구사항 9장의 취지와 맞는다고 판단.
유기견 / 보호중 / 위치,지역산업과,13,유기견|보호중|위치|장대동|금고동|유성생명과학고등학교,5,유기묘 보호중으로 구조 요청함.(전화상담 요청함)/발견 위치 : 장대동 ***-**,"유기견 보호중
위치: 장대푸르지오 관리사무소",approved,,approve,,명확한 '유기동물 보호중 신고' 유형.,A그룹(기존 매뉴얼과 겹치거나 같은 유형이 여러 후보로 쪼개짐) - 승인. 기존 매뉴얼(official_manual)과 겹쳐도 충돌이 아니라 참고 근거(historical_case)로 병행 등록하는 것이 요구사항 9장의 취지와 맞는다고 판단.
제설 / 필요 / 연락,노은3동,12,제설|필요|연락|반석동|제설이|노은3동,5,신분증 분실신고 원하심/범죄관련 걱정하심/ 민원인에게 연락 부탁드립니다.,노은3동 복지센터에서 파란색 줄무늬 3단우산 분실문의/ 민원인 연락 주세요,approved,,reject,,"샘플1(신분증 분실)과 샘플2(우산 분실)가 제설과 무관한 사안, 클러스터링 오류로 보임.",B그룹(클러스터 안 두 샘플이 서로 다른 민원이라 하나의 유형으로 보기 어려움) - 반려. 매뉴얼과의 중복 문제가 아니라 클러스터링 자체가 잘못 묶은 노이즈로 판단. | [2차 재검수] top_terms '제설/제설이'가 37번과 동일 주제(부서는 노은3동 행정복지센터)
주류 / 판매 / 적발,위생과,12,주류|판매|적발|청소년|번길|구즉로,5,청소년 주류 판매로 신고 (대전 유성구 진잠로**번길 ***),신성로 ** 청소년 주류 판매 적발,approved,,uncertain,미성년자_주류판매단속,"미성년자 주류판매 적발, 58번과 동일 유형.",A그룹(기존 매뉴얼과 겹치거나 같은 유형이 여러 후보로 쪼개짐) - 승인. 기존 매뉴얼(official_manual)과 겹쳐도 충돌이 아니라 참고 근거(historical_case)로 병행 등록하는 것이 요구사항 9장의 취지와 맞는다고 판단.
있음 / 나뭇가지가 / 인근,녹지산림과,11,있음|나뭇가지가|인근|쓰러져|통행에|주택,5,화폐박물관 가는길에 벚나무 쓰러져 있음 ,"유성홈플러스 앞 (월평동에서 충남대학교로 가는 방향) 중앙분리대 인근,
오전 5시 20분쯤 녹지산림과 *** 반장님께서 예초기를 돌리어 본인 치량이 손상됨. ",approved,,uncertain,나무_쓰러짐,"나무 쓰러짐, 49번과 동일 유형.",A그룹(기존 매뉴얼과 겹치거나 같은 유형이 여러 후보로 쪼개짐) - 승인. 기존 매뉴얼(official_manual)과 겹쳐도 충돌이 아니라 참고 근거(historical_case)로 병행 등록하는 것이 요구사항 9장의 취지와 맞는다고 판단.
있는 / 그늘막이 / 담당자,재난안전과,11,있는|그늘막이|담당자|봉명동|부근|요청함,5,모다아울렛 건너편 제방 둘레길(대정교 부근) 제초 작업 요망 // 정확한 위치는 민원인한테 연락 요망,봉명동 유성자이아파트 사거리쪽 신호등 그늘막이 부서져있음,approved,,reject,,샘플1(제초작업 요망)과 샘플2(그늘막 파손)가 무관한 사안.,B그룹(클러스터 안 두 샘플이 서로 다른 민원이라 하나의 유형으로 보기 어려움) - 반려. 매뉴얼과의 중복 문제가 아니라 클러스터링 자체가 잘못 묶은 노이즈로 판단. | [2차 재검수] top_terms '그늘막이'가 구체적 신호. 신규 유형으로 등록
관평동 / 오토바이가 / 무단방치,교통정책과,10,관평동|오토바이가|무단방치|단지|번호판|교량,5,온천2동 주민센터 앞 공원(꼭두배 어린이공원)에 방치된 오토바이가 있음(번호판이 없음). 신속하게 처리해주시기 바람.,대전유성신협현금인출기(상대동) 앞(인근 아파트 *단지 정문맞은편)에 번호판 없는 오토바이가 자전거도로 위에 방치되어 있어 통행에 지장 없도록 조치해줄 것을 요청함  ,approved,,approve,,명확한 '방치 오토바이(무번호판) 신고' 유형.,A그룹(기존 매뉴얼과 겹치거나 같은 유형이 여러 후보로 쪼개짐) - 승인. 기존 매뉴얼(official_manual)과 겹쳐도 충돌이 아니라 참고 근거(historical_case)로 병행 등록하는 것이 요구사항 9장의 취지와 맞는다고 판단.
청소년 / 유성구 / 적발,문화관광체육과,10,청소년|유성구|적발|번길|노래방|주류판매,5,"대학로 **
청소년 출입 적발","<노래방 미성년자 취업 적발>
관평동 ***번지 *** 코인노래연습장
적발일시 : 2025. 9. 28. 00:32 
업주연락처 : 010-****-****
내용 : 미성년자 *** 외 4명을 취업시켜 노래부르게 함",approved,,uncertain,,청소년 관련 적발이나 58/70번(주류판매)과 부서가 달라(문화관광체육과) 별도 검토 필요.,B그룹(클러스터 안 두 샘플이 서로 다른 민원이라 하나의 유형으로 보기 어려움) - 반려. 매뉴얼과의 중복 문제가 아니라 클러스터링 자체가 잘못 묶은 노이즈로 판단. | [2차 재검수] top_terms '청소년/노래방/주류판매/적발'이 58번과 동일 주제(부서는 문화관광체육과로 다름)
